"id","panel_id","palette","light_player","output_path","title","xgid","moves","hits","curved_steps","viewpoint"
"M01","M01-LIGHT-R","Light bottom — setup right","near_player","M01-light-bottom.svg","Complete 3-1 from the opening position","XGID=-b----E-C---eE---c-e----B-:0:0:1:31:0:0:0:0:10",2,0,"","player_1 near; unmirrored; setup right"
"M01","M01-DARK-R","Dark bottom — setup right","player_0","M01-dark-bottom.svg","Complete 3-1 from the opening position","XGID=-b----E-C---eE---c-e----B-:0:0:1:31:0:0:0:0:10",2,0,"","player_1 near; unmirrored; setup right"
"M01","M01-LIGHT-L","Light bottom — setup left","near_player","M01-light-bottom-left.svg","Complete 3-1 from the opening position","XGID=-b----E-C---eE---c-e----B-:0:0:1:31:0:0:0:0:10",2,0,"","player_1 near; horizontally mirrored; setup left"
"M01","M01-DARK-L","Dark bottom — setup left","player_0","M01-dark-bottom-left.svg","Complete 3-1 from the opening position","XGID=-b----E-C---eE---c-e----B-:0:0:1:31:0:0:0:0:10",2,0,"","player_1 near; horizontally mirrored; setup left"
"M02","M02-LIGHT-R","Light bottom — setup right","near_player","M02-light-bottom.svg","Move onto an existing friendly stack","XGID=------A---C--B----------b-:0:0:1:31:0:0:0:0:10",2,0,"","player_1 near; unmirrored; setup right"
"M02","M02-DARK-R","Dark bottom — setup right","player_0","M02-dark-bottom.svg","Move onto an existing friendly stack","XGID=------A---C--B----------b-:0:0:1:31:0:0:0:0:10",2,0,"","player_1 near; unmirrored; setup right"
"M02","M02-LIGHT-L","Light bottom — setup left","near_player","M02-light-bottom-left.svg","Move onto an existing friendly stack","XGID=------A---C--B----------b-:0:0:1:31:0:0:0:0:10",2,0,"","player_1 near; horizontally mirrored; setup left"
"M02","M02-DARK-L","Dark bottom — setup left","player_0","M02-dark-bottom-left.svg","Move onto an existing friendly stack","XGID=------A---C--B----------b-:0:0:1:31:0:0:0:0:10",2,0,"","player_1 near; horizontally mirrored; setup left"
"M03","M03-LIGHT-R","Light bottom — setup right","near_player","M03-light-bottom.svg","Hit an opposing blot","XGID=------A---a--A------------:0:0:1:31:0:0:0:0:10",2,1,"","player_1 near; unmirrored; setup right"
"M03","M03-DARK-R","Dark bottom — setup right","player_0","M03-dark-bottom.svg","Hit an opposing blot","XGID=------A---a--A------------:0:0:1:31:0:0:0:0:10",2,1,"","player_1 near; unmirrored; setup right"
"M03","M03-LIGHT-L","Light bottom — setup left","near_player","M03-light-bottom-left.svg","Hit an opposing blot","XGID=------A---a--A------------:0:0:1:31:0:0:0:0:10",2,1,"","player_1 near; horizontally mirrored; setup left"
"M03","M03-DARK-L","Dark bottom — setup left","player_0","M03-dark-bottom-left.svg","Hit an opposing blot","XGID=------A---a--A------------:0:0:1:31:0:0:0:0:10",2,1,"","player_1 near; horizontally mirrored; setup left"
"M04","M04-LIGHT-R","Light bottom — setup right","near_player","M04-light-bottom.svg","Enter from the bar onto an empty point","XGID=-b-----------B-----------A:0:0:1:12:0:0:0:0:10",2,0,"","player_1 near; unmirrored; setup right"
"M04","M04-DARK-R","Dark bottom — setup right","player_0","M04-dark-bottom.svg","Enter from the bar onto an empty point","XGID=-b-----------B-----------A:0:0:1:12:0:0:0:0:10",2,0,"","player_1 near; unmirrored; setup right"
"M04","M04-LIGHT-L","Light bottom — setup left","near_player","M04-light-bottom-left.svg","Enter from the bar onto an empty point","XGID=-b-----------B-----------A:0:0:1:12:0:0:0:0:10",2,0,"","player_1 near; horizontally mirrored; setup left"
"M04","M04-DARK-L","Dark bottom — setup left","player_0","M04-dark-bottom-left.svg","Enter from the bar onto an empty point","XGID=-b-----------B-----------A:0:0:1:12:0:0:0:0:10",2,0,"","player_1 near; horizontally mirrored; setup left"
"M05","M05-LIGHT-R","Light bottom — setup right","near_player","M05-light-bottom.svg","Enter from the bar and hit","XGID=-------------B----------aA:0:0:1:12:0:0:0:0:10",2,1,"","player_1 near; unmirrored; setup right"
"M05","M05-DARK-R","Dark bottom — setup right","player_0","M05-dark-bottom.svg","Enter from the bar and hit","XGID=-------------B----------aA:0:0:1:12:0:0:0:0:10",2,1,"","player_1 near; unmirrored; setup right"
"M05","M05-LIGHT-L","Light bottom — setup left","near_player","M05-light-bottom-left.svg","Enter from the bar and hit","XGID=-------------B----------aA:0:0:1:12:0:0:0:0:10",2,1,"","player_1 near; horizontally mirrored; setup left"
"M05","M05-DARK-L","Dark bottom — setup left","player_0","M05-dark-bottom-left.svg","Enter from the bar and hit","XGID=-------------B----------aA:0:0:1:12:0:0:0:0:10",2,1,"","player_1 near; horizontally mirrored; setup left"
"M06","M06-LIGHT-R","Light bottom — setup right","near_player","M06-light-bottom.svg","Bear four checkers off a tall stack","XGID=--EEE--------------o------:0:0:1:44:0:0:0:0:10",4,0,"","player_1 near; unmirrored; setup right"
"M06","M06-DARK-R","Dark bottom — setup right","player_0","M06-dark-bottom.svg","Bear four checkers off a tall stack","XGID=--EEE--------------o------:0:0:1:44:0:0:0:0:10",4,0,"","player_1 near; unmirrored; setup right"
"M06","M06-LIGHT-L","Light bottom — setup left","near_player","M06-light-bottom-left.svg","Bear four checkers off a tall stack","XGID=--EEE--------------o------:0:0:1:44:0:0:0:0:10",4,0,"","player_1 near; horizontally mirrored; setup left"
"M06","M06-DARK-L","Dark bottom — setup left","player_0","M06-dark-bottom-left.svg","Bear four checkers off a tall stack","XGID=--EEE--------------o------:0:0:1:44:0:0:0:0:10",4,0,"","player_1 near; horizontally mirrored; setup left"
"M07","M07-LIGHT-R","Light bottom — setup right","near_player","M07-light-bottom.svg","Move four checkers onto a tall stack","XGID=----------C--E----------b-:0:0:1:33:0:0:0:0:10",4,0,"","player_1 near; unmirrored; setup right"
"M07","M07-DARK-R","Dark bottom — setup right","player_0","M07-dark-bottom.svg","Move four checkers onto a tall stack","XGID=----------C--E----------b-:0:0:1:33:0:0:0:0:10",4,0,"","player_1 near; unmirrored; setup right"
"M07","M07-LIGHT-L","Light bottom — setup left","near_player","M07-light-bottom-left.svg","Move four checkers onto a tall stack","XGID=----------C--E----------b-:0:0:1:33:0:0:0:0:10",4,0,"","player_1 near; horizontally mirrored; setup left"
"M07","M07-DARK-L","Dark bottom — setup left","player_0","M07-dark-bottom-left.svg","Move four checkers onto a tall stack","XGID=----------C--E----------b-:0:0:1:33:0:0:0:0:10",4,0,"","player_1 near; horizontally mirrored; setup left"
"M08","M08-LIGHT-R","Light bottom — setup right","near_player","M08-light-bottom.svg","Two sources land on one friendly stack","XGID=----------BA-A----------b-:0:0:1:31:0:0:0:0:10",2,0,"","player_1 near; unmirrored; setup right"
"M08","M08-DARK-R","Dark bottom — setup right","player_0","M08-dark-bottom.svg","Two sources land on one friendly stack","XGID=----------BA-A----------b-:0:0:1:31:0:0:0:0:10",2,0,"","player_1 near; unmirrored; setup right"
"M08","M08-LIGHT-L","Light bottom — setup left","near_player","M08-light-bottom-left.svg","Two sources land on one friendly stack","XGID=----------BA-A----------b-:0:0:1:31:0:0:0:0:10",2,0,"","player_1 near; horizontally mirrored; setup left"
"M08","M08-DARK-L","Dark bottom — setup left","player_0","M08-dark-bottom-left.svg","Two sources land on one friendly stack","XGID=----------BA-A----------b-:0:0:1:31:0:0:0:0:10",2,0,"","player_1 near; horizontally mirrored; setup left"
"M09","M09-LIGHT-R","Light bottom — setup right","near_player","M09-light-bottom.svg","One checker moves twice","XGID=-------------A----------a-:0:0:1:31:0:0:0:0:10",2,0,"","player_1 near; unmirrored; setup right"
"M09","M09-DARK-R","Dark bottom — setup right","player_0","M09-dark-bottom.svg","One checker moves twice","XGID=-------------A----------a-:0:0:1:31:0:0:0:0:10",2,0,"","player_1 near; unmirrored; setup right"
"M09","M09-LIGHT-L","Light bottom — setup left","near_player","M09-light-bottom-left.svg","One checker moves twice","XGID=-------------A----------a-:0:0:1:31:0:0:0:0:10",2,0,"","player_1 near; horizontally mirrored; setup left"
"M09","M09-DARK-L","Dark bottom — setup left","player_0","M09-dark-bottom-left.svg","One checker moves twice","XGID=-------------A----------a-:0:0:1:31:0:0:0:0:10",2,0,"","player_1 near; horizontally mirrored; setup left"
"M10","M10-LIGHT-R","Light bottom — setup right","near_player","M10-light-bottom.svg","Long diagonal followed by a short move","XGID=--------B----A----------b-:0:0:1:51:0:0:0:0:10",2,0,"1,2","player_1 near; unmirrored; setup right"
"M10","M10-DARK-R","Dark bottom — setup right","player_0","M10-dark-bottom.svg","Long diagonal followed by a short move","XGID=--------B----A----------b-:0:0:1:51:0:0:0:0:10",2,0,"1,2","player_1 near; unmirrored; setup right"
"M10","M10-LIGHT-L","Light bottom — setup left","near_player","M10-light-bottom-left.svg","Long diagonal followed by a short move","XGID=--------B----A----------b-:0:0:1:51:0:0:0:0:10",2,0,"1,2","player_1 near; horizontally mirrored; setup left"
"M10","M10-DARK-L","Dark bottom — setup left","player_0","M10-dark-bottom-left.svg","Long diagonal followed by a short move","XGID=--------B----A----------b-:0:0:1:51:0:0:0:0:10",2,0,"1,2","player_1 near; horizontally mirrored; setup left"
"M11","M11-LIGHT-R","Light bottom — setup right","near_player","M11-light-bottom.svg","Two checkers bear off","XGID=-AA----------------b------:0:0:1:21:0:0:0:0:10",2,0,"","player_1 near; unmirrored; setup right"
"M11","M11-DARK-R","Dark bottom — setup right","player_0","M11-dark-bottom.svg","Two checkers bear off","XGID=-AA----------------b------:0:0:1:21:0:0:0:0:10",2,0,"","player_1 near; unmirrored; setup right"
"M11","M11-LIGHT-L","Light bottom — setup left","near_player","M11-light-bottom-left.svg","Two checkers bear off","XGID=-AA----------------b------:0:0:1:21:0:0:0:0:10",2,0,"","player_1 near; horizontally mirrored; setup left"
"M11","M11-DARK-L","Dark bottom — setup left","player_0","M11-dark-bottom-left.svg","Two checkers bear off","XGID=-AA----------------b------:0:0:1:21:0:0:0:0:10",2,0,"","player_1 near; horizontally mirrored; setup left"
"M12","M12-LIGHT-R","Light bottom — setup right","near_player","M12-light-bottom.svg","Foey moves and hits in the source orientation","XGID=------------a--A---a------:0:0:-1:31:0:0:0:0:10",2,1,"","player_1 near; unmirrored; setup right"
"M12","M12-DARK-R","Dark bottom — setup right","player_0","M12-dark-bottom.svg","Foey moves and hits in the source orientation","XGID=------------a--A---a------:0:0:-1:31:0:0:0:0:10",2,1,"","player_1 near; unmirrored; setup right"
"M12","M12-LIGHT-L","Light bottom — setup left","near_player","M12-light-bottom-left.svg","Foey moves and hits in the source orientation","XGID=------------a--A---a------:0:0:-1:31:0:0:0:0:10",2,1,"","player_1 near; horizontally mirrored; setup left"
"M12","M12-DARK-L","Dark bottom — setup left","player_0","M12-dark-bottom-left.svg","Foey moves and hits in the source orientation","XGID=------------a--A---a------:0:0:-1:31:0:0:0:0:10",2,1,"","player_1 near; horizontally mirrored; setup left"
"M13","M13-LIGHT-R","Light bottom — setup right","near_player","M13-light-bottom.svg","Bear four different points off with double 4","XGID=-AAAA--------------d------:0:0:1:44:0:0:0:0:10",4,0,"","player_1 near; unmirrored; setup right"
"M13","M13-DARK-R","Dark bottom — setup right","player_0","M13-dark-bottom.svg","Bear four different points off with double 4","XGID=-AAAA--------------d------:0:0:1:44:0:0:0:0:10",4,0,"","player_1 near; unmirrored; setup right"
"M13","M13-LIGHT-L","Light bottom — setup left","near_player","M13-light-bottom-left.svg","Bear four different points off with double 4","XGID=-AAAA--------------d------:0:0:1:44:0:0:0:0:10",4,0,"","player_1 near; horizontally mirrored; setup left"
"M13","M13-DARK-L","Dark bottom — setup left","player_0","M13-dark-bottom-left.svg","Bear four different points off with double 4","XGID=-AAAA--------------d------:0:0:1:44:0:0:0:0:10",4,0,"","player_1 near; horizontally mirrored; setup left"
"M14","M14-LIGHT-R","Light bottom — setup right","near_player","M14-light-bottom.svg","Bear four from one stack into an empty off tray","XGID=--FED--------------o------:0:0:1:44:0:0:0:0:10",4,0,"","player_1 near; unmirrored; setup right"
"M14","M14-DARK-R","Dark bottom — setup right","player_0","M14-dark-bottom.svg","Bear four from one stack into an empty off tray","XGID=--FED--------------o------:0:0:1:44:0:0:0:0:10",4,0,"","player_1 near; unmirrored; setup right"
"M14","M14-LIGHT-L","Light bottom — setup left","near_player","M14-light-bottom-left.svg","Bear four from one stack into an empty off tray","XGID=--FED--------------o------:0:0:1:44:0:0:0:0:10",4,0,"","player_1 near; horizontally mirrored; setup left"
"M14","M14-DARK-L","Dark bottom — setup left","player_0","M14-dark-bottom-left.svg","Bear four from one stack into an empty off tray","XGID=--FED--------------o------:0:0:1:44:0:0:0:0:10",4,0,"","player_1 near; horizontally mirrored; setup left"
"M15","M15-LIGHT-R","Light bottom — setup right","near_player","M15-light-bottom.svg","Bear four onto an occupied numbered off tray","XGID=-D-----------------d------:0:0:1:11:0:0:0:0:10",4,0,"","player_1 near; unmirrored; setup right"
"M15","M15-DARK-R","Dark bottom — setup right","player_0","M15-dark-bottom.svg","Bear four onto an occupied numbered off tray","XGID=-D-----------------d------:0:0:1:11:0:0:0:0:10",4,0,"","player_1 near; unmirrored; setup right"
"M15","M15-LIGHT-L","Light bottom — setup left","near_player","M15-light-bottom-left.svg","Bear four onto an occupied numbered off tray","XGID=-D-----------------d------:0:0:1:11:0:0:0:0:10",4,0,"","player_1 near; horizontally mirrored; setup left"
"M15","M15-DARK-L","Dark bottom — setup left","player_0","M15-dark-bottom-left.svg","Bear four onto an occupied numbered off tray","XGID=-D-----------------d------:0:0:1:11:0:0:0:0:10",4,0,"","player_1 near; horizontally mirrored; setup left"
"M16","M16-LIGHT-R","Light bottom — setup right","near_player","M16-light-bottom.svg","Move four checkers onto one stack with double 6","XGID=-------C-----D----------b-:0:0:1:66:0:0:0:0:10",4,0,"","player_1 near; unmirrored; setup right"
"M16","M16-DARK-R","Dark bottom — setup right","player_0","M16-dark-bottom.svg","Move four checkers onto one stack with double 6","XGID=-------C-----D----------b-:0:0:1:66:0:0:0:0:10",4,0,"","player_1 near; unmirrored; setup right"
"M16","M16-LIGHT-L","Light bottom — setup left","near_player","M16-light-bottom-left.svg","Move four checkers onto one stack with double 6","XGID=-------C-----D----------b-:0:0:1:66:0:0:0:0:10",4,0,"","player_1 near; horizontally mirrored; setup left"
"M16","M16-DARK-L","Dark bottom — setup left","player_0","M16-dark-bottom-left.svg","Move four checkers onto one stack with double 6","XGID=-------C-----D----------b-:0:0:1:66:0:0:0:0:10",4,0,"","player_1 near; horizontally mirrored; setup left"
"M17","M17-LIGHT-R","Light bottom — setup right","near_player","M17-light-bottom.svg","Chained double 2 uses newly landed ghosts","XGID=---------B-B-B----------b-:0:0:1:22:0:0:0:0:10",4,0,"","player_1 near; unmirrored; setup right"
"M17","M17-DARK-R","Dark bottom — setup right","player_0","M17-dark-bottom.svg","Chained double 2 uses newly landed ghosts","XGID=---------B-B-B----------b-:0:0:1:22:0:0:0:0:10",4,0,"","player_1 near; unmirrored; setup right"
"M17","M17-LIGHT-L","Light bottom — setup left","near_player","M17-light-bottom-left.svg","Chained double 2 uses newly landed ghosts","XGID=---------B-B-B----------b-:0:0:1:22:0:0:0:0:10",4,0,"","player_1 near; horizontally mirrored; setup left"
"M17","M17-DARK-L","Dark bottom — setup left","player_0","M17-dark-bottom-left.svg","Chained double 2 uses newly landed ghosts","XGID=---------B-B-B----------b-:0:0:1:22:0:0:0:0:10",4,0,"","player_1 near; horizontally mirrored; setup left"
"M18","M18-LIGHT-R","Light bottom — setup right","near_player","M18-light-bottom.svg","Same-side priority and an across-board double-4 chain","XGID=-----------------AA-A---b-:0:0:1:44:0:0:0:0:10",4,0,"2,3","player_1 near; unmirrored; setup right"
"M18","M18-DARK-R","Dark bottom — setup right","player_0","M18-dark-bottom.svg","Same-side priority and an across-board double-4 chain","XGID=-----------------AA-A---b-:0:0:1:44:0:0:0:0:10",4,0,"2,3","player_1 near; unmirrored; setup right"
"M18","M18-LIGHT-L","Light bottom — setup left","near_player","M18-light-bottom-left.svg","Same-side priority and an across-board double-4 chain","XGID=-----------------AA-A---b-:0:0:1:44:0:0:0:0:10",4,0,"2,3","player_1 near; horizontally mirrored; setup left"
"M18","M18-DARK-L","Dark bottom — setup left","player_0","M18-dark-bottom-left.svg","Same-side priority and an across-board double-4 chain","XGID=-----------------AA-A---b-:0:0:1:44:0:0:0:0:10",4,0,"2,3","player_1 near; horizontally mirrored; setup left"
"M19","M19-LIGHT-R","Light bottom — setup right","near_player","M19-light-bottom.svg","Foey moves four checkers with double 6","XGID=-B----------d-------------:0:0:-1:66:0:0:0:0:10",4,0,"","player_1 near; unmirrored; setup right"
"M19","M19-DARK-R","Dark bottom — setup right","player_0","M19-dark-bottom.svg","Foey moves four checkers with double 6","XGID=-B----------d-------------:0:0:-1:66:0:0:0:0:10",4,0,"","player_1 near; unmirrored; setup right"
"M19","M19-LIGHT-L","Light bottom — setup left","near_player","M19-light-bottom-left.svg","Foey moves four checkers with double 6","XGID=-B----------d-------------:0:0:-1:66:0:0:0:0:10",4,0,"","player_1 near; horizontally mirrored; setup left"
"M19","M19-DARK-L","Dark bottom — setup left","player_0","M19-dark-bottom-left.svg","Foey moves four checkers with double 6","XGID=-B----------d-------------:0:0:-1:66:0:0:0:0:10",4,0,"","player_1 near; horizontally mirrored; setup left"
"M20","M20-LIGHT-R","Light bottom — setup right","near_player","M20-light-bottom.svg","One checker advances four times with double 3","XGID=-------------A----------a-:0:0:1:33:0:0:0:0:10",4,0,"2,3,4","player_1 near; unmirrored; setup right"
"M20","M20-DARK-R","Dark bottom — setup right","player_0","M20-dark-bottom.svg","One checker advances four times with double 3","XGID=-------------A----------a-:0:0:1:33:0:0:0:0:10",4,0,"2,3,4","player_1 near; unmirrored; setup right"
"M20","M20-LIGHT-L","Light bottom — setup left","near_player","M20-light-bottom-left.svg","One checker advances four times with double 3","XGID=-------------A----------a-:0:0:1:33:0:0:0:0:10",4,0,"2,3,4","player_1 near; horizontally mirrored; setup left"
"M20","M20-DARK-L","Dark bottom — setup left","player_0","M20-dark-bottom-left.svg","One checker advances four times with double 3","XGID=-------------A----------a-:0:0:1:33:0:0:0:0:10",4,0,"2,3,4","player_1 near; horizontally mirrored; setup left"
"M21","M21-LIGHT-R","Light bottom — setup right","near_player","M21-light-bottom.svg","Opposite-side sources land on one tall stack","XGID=----------DA-A----------b-:0:0:1:31:0:0:0:0:10",2,0,"","player_1 near; unmirrored; setup right"
"M21","M21-DARK-R","Dark bottom — setup right","player_0","M21-dark-bottom.svg","Opposite-side sources land on one tall stack","XGID=----------DA-A----------b-:0:0:1:31:0:0:0:0:10",2,0,"","player_1 near; unmirrored; setup right"
"M21","M21-LIGHT-L","Light bottom — setup left","near_player","M21-light-bottom-left.svg","Opposite-side sources land on one tall stack","XGID=----------DA-A----------b-:0:0:1:31:0:0:0:0:10",2,0,"","player_1 near; horizontally mirrored; setup left"
"M21","M21-DARK-L","Dark bottom — setup left","player_0","M21-dark-bottom-left.svg","Opposite-side sources land on one tall stack","XGID=----------DA-A----------b-:0:0:1:31:0:0:0:0:10",2,0,"","player_1 near; horizontally mirrored; setup left"
"M22","M22-LIGHT-R","Light bottom — setup right","near_player","M22-light-bottom.svg","Four checkers cross to an empty point with double 6","XGID=-------------D----------b-:0:0:1:66:0:0:0:0:10",4,0,"","player_1 near; unmirrored; setup right"
"M22","M22-DARK-R","Dark bottom — setup right","player_0","M22-dark-bottom.svg","Four checkers cross to an empty point with double 6","XGID=-------------D----------b-:0:0:1:66:0:0:0:0:10",4,0,"","player_1 near; unmirrored; setup right"
"M22","M22-LIGHT-L","Light bottom — setup left","near_player","M22-light-bottom-left.svg","Four checkers cross to an empty point with double 6","XGID=-------------D----------b-:0:0:1:66:0:0:0:0:10",4,0,"","player_1 near; horizontally mirrored; setup left"
"M22","M22-DARK-L","Dark bottom — setup left","player_0","M22-dark-bottom-left.svg","Four checkers cross to an empty point with double 6","XGID=-------------D----------b-:0:0:1:66:0:0:0:0:10",4,0,"","player_1 near; horizontally mirrored; setup left"
"M23","M23-LIGHT-R","Light bottom — setup right","near_player","M23-light-bottom.svg","Two same-side sources land on one stack","XGID=--------CA-A------------b-:0:0:1:31:0:0:0:0:10",2,0,"","player_1 near; unmirrored; setup right"
"M23","M23-DARK-R","Dark bottom — setup right","player_0","M23-dark-bottom.svg","Two same-side sources land on one stack","XGID=--------CA-A------------b-:0:0:1:31:0:0:0:0:10",2,0,"","player_1 near; unmirrored; setup right"
"M23","M23-LIGHT-L","Light bottom — setup left","near_player","M23-light-bottom-left.svg","Two same-side sources land on one stack","XGID=--------CA-A------------b-:0:0:1:31:0:0:0:0:10",2,0,"","player_1 near; horizontally mirrored; setup left"
"M23","M23-DARK-L","Dark bottom — setup left","player_0","M23-dark-bottom-left.svg","Two same-side sources land on one stack","XGID=--------CA-A------------b-:0:0:1:31:0:0:0:0:10",2,0,"","player_1 near; horizontally mirrored; setup left"
"M24","M24-LIGHT-R","Light bottom — setup right","near_player","M24-light-bottom.svg","Foey bears four different points off with double 4","XGID=-D-------------------aaaa-:0:0:-1:44:0:0:0:0:10",4,0,"","player_1 near; unmirrored; setup right"
"M24","M24-DARK-R","Dark bottom — setup right","player_0","M24-dark-bottom.svg","Foey bears four different points off with double 4","XGID=-D-------------------aaaa-:0:0:-1:44:0:0:0:0:10",4,0,"","player_1 near; unmirrored; setup right"
"M24","M24-LIGHT-L","Light bottom — setup left","near_player","M24-light-bottom-left.svg","Foey bears four different points off with double 4","XGID=-D-------------------aaaa-:0:0:-1:44:0:0:0:0:10",4,0,"","player_1 near; horizontally mirrored; setup left"
"M24","M24-DARK-L","Dark bottom — setup left","player_0","M24-dark-bottom-left.svg","Foey bears four different points off with double 4","XGID=-D-------------------aaaa-:0:0:-1:44:0:0:0:0:10",4,0,"","player_1 near; horizontally mirrored; setup left"
"M25","M25-LIGHT-R","Light bottom — setup right","near_player","M25-light-bottom.svg","Two independent double-2 stacks on opposite rows","XGID=---------B-B------B-----b-:0:0:1:22:0:0:0:0:10",4,0,"","player_1 near; unmirrored; setup right"
"M25","M25-DARK-R","Dark bottom — setup right","player_0","M25-dark-bottom.svg","Two independent double-2 stacks on opposite rows","XGID=---------B-B------B-----b-:0:0:1:22:0:0:0:0:10",4,0,"","player_1 near; unmirrored; setup right"
"M25","M25-LIGHT-L","Light bottom — setup left","near_player","M25-light-bottom-left.svg","Two independent double-2 stacks on opposite rows","XGID=---------B-B------B-----b-:0:0:1:22:0:0:0:0:10",4,0,"","player_1 near; horizontally mirrored; setup left"
"M25","M25-DARK-L","Dark bottom — setup left","player_0","M25-dark-bottom-left.svg","Two independent double-2 stacks on opposite rows","XGID=---------B-B------B-----b-:0:0:1:22:0:0:0:0:10",4,0,"","player_1 near; horizontally mirrored; setup left"
"M26","M26-LIGHT-R","Light bottom — setup right","near_player","M26-light-bottom.svg","Two crowded home-row stacks move with double 2","XGID=----B-C--B-C------------b-:0:0:1:22:0:0:0:0:10",4,0,"","player_1 near; unmirrored; setup right"
"M26","M26-DARK-R","Dark bottom — setup right","player_0","M26-dark-bottom.svg","Two crowded home-row stacks move with double 2","XGID=----B-C--B-C------------b-:0:0:1:22:0:0:0:0:10",4,0,"","player_1 near; unmirrored; setup right"
"M26","M26-LIGHT-L","Light bottom — setup left","near_player","M26-light-bottom-left.svg","Two crowded home-row stacks move with double 2","XGID=----B-C--B-C------------b-:0:0:1:22:0:0:0:0:10",4,0,"","player_1 near; horizontally mirrored; setup left"
"M26","M26-DARK-L","Dark bottom — setup left","player_0","M26-dark-bottom-left.svg","Two crowded home-row stacks move with double 2","XGID=----B-C--B-C------------b-:0:0:1:22:0:0:0:0:10",4,0,"","player_1 near; horizontally mirrored; setup left"
"M27","M27-LIGHT-R","Light bottom — setup right","near_player","M27-light-bottom.svg","Foey verifies the same-row double-2 rule","XGID=-B-----b------b-b---------:0:0:-1:22:0:0:0:0:10",4,0,"","player_1 near; unmirrored; setup right"
"M27","M27-DARK-R","Dark bottom — setup right","player_0","M27-dark-bottom.svg","Foey verifies the same-row double-2 rule","XGID=-B-----b------b-b---------:0:0:-1:22:0:0:0:0:10",4,0,"","player_1 near; unmirrored; setup right"
"M27","M27-LIGHT-L","Light bottom — setup left","near_player","M27-light-bottom-left.svg","Foey verifies the same-row double-2 rule","XGID=-B-----b------b-b---------:0:0:-1:22:0:0:0:0:10",4,0,"","player_1 near; horizontally mirrored; setup left"
"M27","M27-DARK-L","Dark bottom — setup left","player_0","M27-dark-bottom-left.svg","Foey verifies the same-row double-2 rule","XGID=-B-----b------b-b---------:0:0:-1:22:0:0:0:0:10",4,0,"","player_1 near; horizontally mirrored; setup left"
"M28","M28-LIGHT-R","Light bottom — setup right","near_player","M28-light-bottom.svg","Two chained checkers share the bottom movement line","XGID=---------AA-------------b-:0:0:1:33:0:0:0:0:10",4,0,"2,3,4","player_1 near; unmirrored; setup right"
"M28","M28-DARK-R","Dark bottom — setup right","player_0","M28-dark-bottom.svg","Two chained checkers share the bottom movement line","XGID=---------AA-------------b-:0:0:1:33:0:0:0:0:10",4,0,"2,3,4","player_1 near; unmirrored; setup right"
"M28","M28-LIGHT-L","Light bottom — setup left","near_player","M28-light-bottom-left.svg","Two chained checkers share the bottom movement line","XGID=---------AA-------------b-:0:0:1:33:0:0:0:0:10",4,0,"2,3,4","player_1 near; horizontally mirrored; setup left"
"M28","M28-DARK-L","Dark bottom — setup left","player_0","M28-dark-bottom-left.svg","Two chained checkers share the bottom movement line","XGID=---------AA-------------b-:0:0:1:33:0:0:0:0:10",4,0,"2,3,4","player_1 near; horizontally mirrored; setup left"
"M29","M29-LIGHT-R","Light bottom — setup right","near_player","M29-light-bottom.svg","Two different top moves share most of one line","XGID=-----------------AA-----b-:0:0:1:33:0:0:0:0:10",2,0,"2","player_1 near; unmirrored; setup right"
"M29","M29-DARK-R","Dark bottom — setup right","player_0","M29-dark-bottom.svg","Two different top moves share most of one line","XGID=-----------------AA-----b-:0:0:1:33:0:0:0:0:10",2,0,"2","player_1 near; unmirrored; setup right"
"M29","M29-LIGHT-L","Light bottom — setup left","near_player","M29-light-bottom-left.svg","Two different top moves share most of one line","XGID=-----------------AA-----b-:0:0:1:33:0:0:0:0:10",2,0,"2","player_1 near; horizontally mirrored; setup left"
"M29","M29-DARK-L","Dark bottom — setup left","player_0","M29-dark-bottom-left.svg","Two different top moves share most of one line","XGID=-----------------AA-----b-:0:0:1:33:0:0:0:0:10",2,0,"2","player_1 near; horizontally mirrored; setup left"
"M30","M30-LIGHT-R","Light bottom — setup right","near_player","M30-light-bottom.svg","Top-half same-line overlap","XGID=------------------A-A---b-:0:0:1:44:0:0:0:0:10",2,0,"2","player_1 near; unmirrored; setup right"
"M30","M30-DARK-R","Dark bottom — setup right","player_0","M30-dark-bottom.svg","Top-half same-line overlap","XGID=------------------A-A---b-:0:0:1:44:0:0:0:0:10",2,0,"2","player_1 near; unmirrored; setup right"
"M30","M30-LIGHT-L","Light bottom — setup left","near_player","M30-light-bottom-left.svg","Top-half same-line overlap","XGID=------------------A-A---b-:0:0:1:44:0:0:0:0:10",2,0,"2","player_1 near; horizontally mirrored; setup left"
"M30","M30-DARK-L","Dark bottom — setup left","player_0","M30-dark-bottom-left.svg","Top-half same-line overlap","XGID=------------------A-A---b-:0:0:1:44:0:0:0:0:10",2,0,"2","player_1 near; horizontally mirrored; setup left"
"M31","M31-LIGHT-R","Light bottom — setup right","near_player","M31-light-bottom.svg","Bottom-half same-line overlap","XGID=----------AA------------b-:0:0:1:33:0:0:0:0:10",2,0,"2","player_1 near; unmirrored; setup right"
"M31","M31-DARK-R","Dark bottom — setup right","player_0","M31-dark-bottom.svg","Bottom-half same-line overlap","XGID=----------AA------------b-:0:0:1:33:0:0:0:0:10",2,0,"2","player_1 near; unmirrored; setup right"
"M31","M31-LIGHT-L","Light bottom — setup left","near_player","M31-light-bottom-left.svg","Bottom-half same-line overlap","XGID=----------AA------------b-:0:0:1:33:0:0:0:0:10",2,0,"2","player_1 near; horizontally mirrored; setup left"
"M31","M31-DARK-L","Dark bottom — setup left","player_0","M31-dark-bottom-left.svg","Bottom-half same-line overlap","XGID=----------AA------------b-:0:0:1:33:0:0:0:0:10",2,0,"2","player_1 near; horizontally mirrored; setup left"
"M32","M32-LIGHT-R","Light bottom — setup right","near_player","M32-light-bottom.svg","Near-vertical shared-source overlap","XGID=---------------B--------b-:0:0:1:54:0:0:0:0:10",2,0,"2","player_1 near; unmirrored; setup right"
"M32","M32-DARK-R","Dark bottom — setup right","player_0","M32-dark-bottom.svg","Near-vertical shared-source overlap","XGID=---------------B--------b-:0:0:1:54:0:0:0:0:10",2,0,"2","player_1 near; unmirrored; setup right"
"M32","M32-LIGHT-L","Light bottom — setup left","near_player","M32-light-bottom-left.svg","Near-vertical shared-source overlap","XGID=---------------B--------b-:0:0:1:54:0:0:0:0:10",2,0,"2","player_1 near; horizontally mirrored; setup left"
"M32","M32-DARK-L","Dark bottom — setup left","player_0","M32-dark-bottom-left.svg","Near-vertical shared-source overlap","XGID=---------------B--------b-:0:0:1:54:0:0:0:0:10",2,0,"2","player_1 near; horizontally mirrored; setup left"
"M33","M33-LIGHT-R","Light bottom — setup right","near_player","M33-light-bottom.svg","Isolated crossing remains straight","XGID=--------------AA--------b-:0:0:1:44:0:0:0:0:10",2,0,"","player_1 near; unmirrored; setup right"
"M33","M33-DARK-R","Dark bottom — setup right","player_0","M33-dark-bottom.svg","Isolated crossing remains straight","XGID=--------------AA--------b-:0:0:1:44:0:0:0:0:10",2,0,"","player_1 near; unmirrored; setup right"
"M33","M33-LIGHT-L","Light bottom — setup left","near_player","M33-light-bottom-left.svg","Isolated crossing remains straight","XGID=--------------AA--------b-:0:0:1:44:0:0:0:0:10",2,0,"","player_1 near; horizontally mirrored; setup left"
"M33","M33-DARK-L","Dark bottom — setup left","player_0","M33-dark-bottom-left.svg","Isolated crossing remains straight","XGID=--------------AA--------b-:0:0:1:44:0:0:0:0:10",2,0,"","player_1 near; horizontally mirrored; setup left"
"M34","M34-LIGHT-R","Light bottom — setup right","near_player","M34-light-bottom.svg","Legacy two-independent-checker example","XGID=-b----E-C---eE---c-e----B-:0:0:1:31:0:0:0:0:10",2,0,"","player_1 near; unmirrored; setup right"
"M34","M34-DARK-R","Dark bottom — setup right","player_0","M34-dark-bottom.svg","Legacy two-independent-checker example","XGID=-b----E-C---eE---c-e----B-:0:0:1:31:0:0:0:0:10",2,0,"","player_1 near; unmirrored; setup right"
"M34","M34-LIGHT-L","Light bottom — setup left","near_player","M34-light-bottom-left.svg","Legacy two-independent-checker example","XGID=-b----E-C---eE---c-e----B-:0:0:1:31:0:0:0:0:10",2,0,"","player_1 near; horizontally mirrored; setup left"
"M34","M34-DARK-L","Dark bottom — setup left","player_0","M34-dark-bottom-left.svg","Legacy two-independent-checker example","XGID=-b----E-C---eE---c-e----B-:0:0:1:31:0:0:0:0:10",2,0,"","player_1 near; horizontally mirrored; setup left"
"M35","M35-LIGHT-R","Light bottom — setup right","near_player","M35-light-bottom.svg","Legacy one-checker-twice example","XGID=-b----E-C---eE---c-e----B-:0:0:1:65:0:0:0:0:10",2,0,"","player_1 near; unmirrored; setup right"
"M35","M35-DARK-R","Dark bottom — setup right","player_0","M35-dark-bottom.svg","Legacy one-checker-twice example","XGID=-b----E-C---eE---c-e----B-:0:0:1:65:0:0:0:0:10",2,0,"","player_1 near; unmirrored; setup right"
"M35","M35-LIGHT-L","Light bottom — setup left","near_player","M35-light-bottom-left.svg","Legacy one-checker-twice example","XGID=-b----E-C---eE---c-e----B-:0:0:1:65:0:0:0:0:10",2,0,"","player_1 near; horizontally mirrored; setup left"
"M35","M35-DARK-L","Dark bottom — setup left","player_0","M35-dark-bottom-left.svg","Legacy one-checker-twice example","XGID=-b----E-C---eE---c-e----B-:0:0:1:65:0:0:0:0:10",2,0,"","player_1 near; horizontally mirrored; setup left"
"M36","M36-LIGHT-R","Light bottom — setup right","near_player","M36-light-bottom.svg","Legacy repeated 13/8 pair","XGID=-b----E-C---eE---c-e----B-:0:0:1:55:0:0:0:0:10",2,0,"","player_1 near; unmirrored; setup right"
"M36","M36-DARK-R","Dark bottom — setup right","player_0","M36-dark-bottom.svg","Legacy repeated 13/8 pair","XGID=-b----E-C---eE---c-e----B-:0:0:1:55:0:0:0:0:10",2,0,"","player_1 near; unmirrored; setup right"
"M36","M36-LIGHT-L","Light bottom — setup left","near_player","M36-light-bottom-left.svg","Legacy repeated 13/8 pair","XGID=-b----E-C---eE---c-e----B-:0:0:1:55:0:0:0:0:10",2,0,"","player_1 near; horizontally mirrored; setup left"
"M36","M36-DARK-L","Dark bottom — setup left","player_0","M36-dark-bottom-left.svg","Legacy repeated 13/8 pair","XGID=-b----E-C---eE---c-e----B-:0:0:1:55:0:0:0:0:10",2,0,"","player_1 near; horizontally mirrored; setup left"
"M37","M37-LIGHT-R","Light bottom — setup right","near_player","M37-light-bottom.svg","Legacy hit on point 8","XGID=--------a----A----------a-:0:0:1:51:0:0:0:0:10",1,1,"","player_1 near; unmirrored; setup right"
"M37","M37-DARK-R","Dark bottom — setup right","player_0","M37-dark-bottom.svg","Legacy hit on point 8","XGID=--------a----A----------a-:0:0:1:51:0:0:0:0:10",1,1,"","player_1 near; unmirrored; setup right"
"M37","M37-LIGHT-L","Light bottom — setup left","near_player","M37-light-bottom-left.svg","Legacy hit on point 8","XGID=--------a----A----------a-:0:0:1:51:0:0:0:0:10",1,1,"","player_1 near; horizontally mirrored; setup left"
"M37","M37-DARK-L","Dark bottom — setup left","player_0","M37-dark-bottom-left.svg","Legacy hit on point 8","XGID=--------a----A----------a-:0:0:1:51:0:0:0:0:10",1,1,"","player_1 near; horizontally mirrored; setup left"
"M38","M38-LIGHT-R","Light bottom — setup right","near_player","M38-light-bottom.svg","Legacy five-path overstack onto point 8","XGID=--------E----I----------b-:0:0:1:55:0:0:0:0:10",5,0,"","player_1 near; unmirrored; setup right"
"M38","M38-DARK-R","Dark bottom — setup right","player_0","M38-dark-bottom.svg","Legacy five-path overstack onto point 8","XGID=--------E----I----------b-:0:0:1:55:0:0:0:0:10",5,0,"","player_1 near; unmirrored; setup right"
"M38","M38-LIGHT-L","Light bottom — setup left","near_player","M38-light-bottom-left.svg","Legacy five-path overstack onto point 8","XGID=--------E----I----------b-:0:0:1:55:0:0:0:0:10",5,0,"","player_1 near; horizontally mirrored; setup left"
"M38","M38-DARK-L","Dark bottom — setup left","player_0","M38-dark-bottom-left.svg","Legacy five-path overstack onto point 8","XGID=--------E----I----------b-:0:0:1:55:0:0:0:0:10",5,0,"","player_1 near; horizontally mirrored; setup left"
"M39","M39-LIGHT-R","Light bottom — setup right","near_player","M39-light-bottom.svg","Legacy alternate-view 13/8","XGID=-b----E-C---eE---c-e----B-:0:0:1:31:0:0:0:0:10",1,0,"","player_0 near; unmirrored; setup right"
"M39","M39-DARK-R","Dark bottom — setup right","player_0","M39-dark-bottom.svg","Legacy alternate-view 13/8","XGID=-b----E-C---eE---c-e----B-:0:0:1:31:0:0:0:0:10",1,0,"","player_0 near; unmirrored; setup right"
"M39","M39-LIGHT-L","Light bottom — setup left","near_player","M39-light-bottom-left.svg","Legacy alternate-view 13/8","XGID=-b----E-C---eE---c-e----B-:0:0:1:31:0:0:0:0:10",1,0,"","player_0 near; horizontally mirrored; setup left"
"M39","M39-DARK-L","Dark bottom — setup left","player_0","M39-dark-bottom-left.svg","Legacy alternate-view 13/8","XGID=-b----E-C---eE---c-e----B-:0:0:1:31:0:0:0:0:10",1,0,"","player_0 near; horizontally mirrored; setup left"
"M40","M40-LIGHT-R","Light bottom — setup right","near_player","M40-light-bottom.svg","Five-path tall-stack tuning stress case","XGID=----------E--I----------b-:0:0:1:33:0:0:0:0:10",5,0,"","player_1 near; unmirrored; setup right"
"M40","M40-DARK-R","Dark bottom — setup right","player_0","M40-dark-bottom.svg","Five-path tall-stack tuning stress case","XGID=----------E--I----------b-:0:0:1:33:0:0:0:0:10",5,0,"","player_1 near; unmirrored; setup right"
"M40","M40-LIGHT-L","Light bottom — setup left","near_player","M40-light-bottom-left.svg","Five-path tall-stack tuning stress case","XGID=----------E--I----------b-:0:0:1:33:0:0:0:0:10",5,0,"","player_1 near; horizontally mirrored; setup left"
"M40","M40-DARK-L","Dark bottom — setup left","player_0","M40-dark-bottom-left.svg","Five-path tall-stack tuning stress case","XGID=----------E--I----------b-:0:0:1:33:0:0:0:0:10",5,0,"","player_1 near; horizontally mirrored; setup left"
"M41","M41-LIGHT-R","Light bottom — setup right","near_player","M41-light-bottom.svg","Four-hop 4-4 chain with collinear top-row hops","XGID=-a----------------------A-:0:0:1:44:0:0:0:0:10",4,0,"1,2","player_1 near; unmirrored; setup right"
"M41","M41-DARK-R","Dark bottom — setup right","player_0","M41-dark-bottom.svg","Four-hop 4-4 chain with collinear top-row hops","XGID=-a----------------------A-:0:0:1:44:0:0:0:0:10",4,0,"1,2","player_1 near; unmirrored; setup right"
"M41","M41-LIGHT-L","Light bottom — setup left","near_player","M41-light-bottom-left.svg","Four-hop 4-4 chain with collinear top-row hops","XGID=-a----------------------A-:0:0:1:44:0:0:0:0:10",4,0,"1,2","player_1 near; horizontally mirrored; setup left"
"M41","M41-DARK-L","Dark bottom — setup left","player_0","M41-dark-bottom-left.svg","Four-hop 4-4 chain with collinear top-row hops","XGID=-a----------------------A-:0:0:1:44:0:0:0:0:10",4,0,"1,2","player_1 near; horizontally mirrored; setup left"
"C01","C01-LIGHT-R","Light bottom — setup right","near_player","C01-light-bottom.svg","Ghost colour identity on tan points","XGID=------B-----------------a-:0:0:1:31:0:0:0:0:10",2,0,"","player_1 near; unmirrored; setup right"
"C01","C01-DARK-R","Dark bottom — setup right","player_0","C01-dark-bottom.svg","Ghost colour identity on tan points","XGID=------B-----------------a-:0:0:1:31:0:0:0:0:10",2,0,"","player_1 near; unmirrored; setup right"
"C01","C01-LIGHT-L","Light bottom — setup left","near_player","C01-light-bottom-left.svg","Ghost colour identity on tan points","XGID=------B-----------------a-:0:0:1:31:0:0:0:0:10",2,0,"","player_1 near; horizontally mirrored; setup left"
"C01","C01-DARK-L","Dark bottom — setup left","player_0","C01-dark-bottom-left.svg","Ghost colour identity on tan points","XGID=------B-----------------a-:0:0:1:31:0:0:0:0:10",2,0,"","player_1 near; horizontally mirrored; setup left"
"C02","C02-LIGHT-R","Light bottom — setup right","near_player","C02-light-bottom.svg","Ghost colour identity on blue points","XGID=-------------B----------a-:0:0:1:31:0:0:0:0:10",2,0,"","player_1 near; unmirrored; setup right"
"C02","C02-DARK-R","Dark bottom — setup right","player_0","C02-dark-bottom.svg","Ghost colour identity on blue points","XGID=-------------B----------a-:0:0:1:31:0:0:0:0:10",2,0,"","player_1 near; unmirrored; setup right"
"C02","C02-LIGHT-L","Light bottom — setup left","near_player","C02-light-bottom-left.svg","Ghost colour identity on blue points","XGID=-------------B----------a-:0:0:1:31:0:0:0:0:10",2,0,"","player_1 near; horizontally mirrored; setup left"
"C02","C02-DARK-L","Dark bottom — setup left","player_0","C02-dark-bottom-left.svg","Ghost colour identity on blue points","XGID=-------------B----------a-:0:0:1:31:0:0:0:0:10",2,0,"","player_1 near; horizontally mirrored; setup left"
